<?xml version="1.0" encoding="UTF-8"?>
<project-private xmlns="http://www.netbeans.org/ns/project-private/1">
    <editor-bookmarks xmlns="http://www.netbeans.org/ns/editor-bookmarks/2" lastBookmarkId="0"/>
    <open-files xmlns="http://www.netbeans.org/ns/projectui-open-files/2">
        <group>
            <file>file:/E:/210250502003-AKMAL_HIDAYAT-KEDALAMAN/src/PROGRAM_IF_1_KONDISI/SATU_KONDISI.java</file>
            <file>file:/E:/210250502003-AKMAL_HIDAYAT-KEDALAMAN/src/PROGRAM_IF_3_KONDISI/TIGA_KONDISI.java</file>
            <file>file:/E:/210250502003-AKMAL_HIDAYAT-KEDALAMAN/src/PROGRAM_IF_2_KONDISI/DUA_KONDISI.java</file>
        </group>
    </open-files>
</project-private>
